------------------------------------------------------------------------------------,,,,,,,,,,,
导出信息：,,,,,,,,,,,
姓名：唐雷,,,,,,,,,,,
支付宝账户：17302868894,,,,,,,,,,,
起始时间：[2023-02-01 00:00:00]    终止时间：[2023-02-28 23:59:59],,,,,,,,,,,
导出交易类型：[全部],,,,,,,,,,,
导出时间：[2023-03-31 10:33:51],,,,,,,,,,,
共134笔记录,,,,,,,,,,,
收入：0笔 0.00元,,,,,,,,,,,
支出：106笔 1072.55元,,,,,,,,,,,
不计收支：28笔 1617.96元,,,,,,,,,,,
,,,,,,,,,,,
特别提示：,,,,,,,,,,,
1.本回单内容可表明支付宝受理了相应支付交易申请，因系统原因或通讯故障等偶发因素导致本回单与实际交易结果不符时，以实际交易情况为准；,,,,,,,,,,,
2.请勿将本回单作为收款方发货的凭据使用，请查证账户实际到账情况后再进行发货操作；,,,,,,,,,,,
3.支付宝快捷支付等非余额支付方式可能既产生支付宝交易也同步产生银行交易，因此请勿使用本回单进行重复记账；,,,,,,,,,,,
4.本回单如经任何涂改、编造，均立即失去效力；,,,,,,,,,,,
5.部分账单如：充值提现、账户转存或者个人设置收支等不计入为收入或者支出，记为不计收支类；,,,,,,,,,,,
6.因统计逻辑不同，明细金额直接累加后，可能会和下方统计金额不一致，请以实际交易金额为准；,,,,,,,,,,,
7.禁止将本回单用于非法用途；,,,,,,,,,,,
8.本明细仅展示当前账单中的交易，不包括已删除的记录；,,,,,,,,,,,
9.本明细仅供个人对账使用。,,,,,,,,,,,
,,,,,,,,,,,
------------------------支付宝（中国）网络技术有限公司  电子客户回单------------------------,,,,,,,,,,,
交易时间            ,交易分类                ,交易对方                ,对方账号                ,商品说明                ,收/支                 ,金额                  ,收/付款方式              ,交易状态                ,交易订单号     ,商家订单号           ,备注                  
2023/2/28 21:29,交通出行                ,成都金控数据服务有限公司        ,283***@qq.com       ,天府通扫码乘车             ,支出                  ,5.4,花呗                  ,交易成功                ,"2023022822001430521407490944	","1020230228212957589230	",                    
2023/2/28 11:10,餐饮美食                ,美团                  ,zxp***@meituan.com  ,美团订单-23022811100300000028960336199651,支出                  ,22.88,余额宝                 ,交易成功                ,"2023022822001430521405650331	","20230228111028U50390949070338242	",                    
2023/2/28 08:45,餐饮美食                ,煜见包子铺               ,/                   ,双流煜见包子铺             ,支出                  ,6,余额宝                 ,交易成功                ,"2023022822001430521405664562	","6912660000482200007895039964184630	",                    
2023/2/28 08:36,交通出行                ,成都金控数据服务有限公司        ,283***@qq.com       ,天府通扫码乘车             ,支出                  ,5.4,花呗                  ,交易成功                ,"2023022822001430521405039783	","1020230228083603077615	",                    
2023/2/28 07:14,交通出行                ,成都金控数据服务有限公司        ,235***@qq.com       ,天府通扫码乘车             ,支出                  ,1.8,花呗                  ,交易成功                ,"2023022822001430521404674253	","1020230228071405712929	",                    
2023/2/28 03:54,投资理财                ,建信基金管理有限公司          ,/                   ,余额宝-2023.02.27-收益发放 ,不计收支                ,0.05,余额宝                 ,交易成功                ,"20230228384859477521	","                    	",                    
2023/2/27 19:38,交通出行                ,成都金控数据服务有限公司        ,283***@qq.com       ,天府通扫码乘车             ,支出                  ,5.4,花呗                  ,交易成功                ,"2023022722001430521404672442	","1020230227193848293047	",                    
2023/2/27 12:10,日用百货                ,怡家欣超市               ,/                   ,双流区怡家欣超市            ,支出                  ,9.5,余额宝                 ,交易成功                ,"2023022722001430521402591666	","442018032102423523020120230227121049005740704Y	",                    
2023/2/27 08:44,餐饮美食                ,煜见包子铺               ,/                   ,双流煜见包子铺             ,支出                  ,4,余额宝                 ,交易成功                ,"2023022722001430521402684799	","3912660000482200007895039951032342	",                    
2023/2/27 08:36,交通出行                ,成都金控数据服务有限公司        ,283***@qq.com       ,天府通扫码乘车             ,支出                  ,5.4,花呗                  ,交易成功                ,"2023022722001430521402581958	","1020230227083604001314	",                    
2023/2/27 07:11,交通出行                ,成都金控数据服务有限公司        ,235***@qq.com       ,天府通扫码乘车             ,支出                  ,1.8,花呗                  ,交易成功                ,"2023022722001430521402679974	","1020230227071149624431	",                    
2023/2/27 04:03,投资理财                ,建信基金管理有限公司          ,/                   ,余额宝-2023.02.26-收益发放 ,不计收支                ,0.05,余额宝                 ,交易成功                ,"20230227377953436521	","                    	",                    
2023/2/26 04:04,投资理财                ,建信基金管理有限公司          ,/                   ,余额宝-2023.02.25-收益发放 ,不计收支                ,0.05,余额宝                 ,交易成功                ,"20230226370526042521	","                    	",                    
2023/2/25 18:23,日用百货                ,舞东风（1656凯悦分店）       ,scw***@wdfcsls.com  ,1656凯悦分店-条码支付       ,支出                  ,5.9,余额宝                 ,交易成功                ,"2023022522001430521459313731	","21230225182321016707	",                    
2023/2/25 09:01,交通出行                ,成都金控数据服务有限公司        ,235***@qq.com       ,天府通扫码乘车             ,支出                  ,1.8,花呗                  ,交易成功                ,"2023022522001430521459201719	","1020230225090123848552	",                    
2023/2/25 04:07,投资理财                ,建信基金管理有限公司          ,/                   ,余额宝-2023.02.24-收益发放 ,不计收支                ,0.05,余额宝                 ,交易成功                ,"20230225364287377521	","                    	",                    
2023/2/24 19:34,交通出行                ,成都金控数据服务有限公司        ,283***@qq.com       ,天府通扫码乘车             ,支出                  ,5.4,花呗                  ,交易成功                ,"2023022422001430521459094088	","1020230224193439029117	",                    
2023/2/24 12:12,餐饮美食                ,隆江猪脚饭               ,135******68         ,收钱码收款               ,支出                  ,16,余额宝                 ,交易成功                ,"2023022422001430521457325380	","46772119700512070530522	",                    
2023/2/24 08:43,餐饮美食                ,煜见包子铺               ,/                   ,双流煜见包子铺             ,支出                  ,3.5,余额宝                 ,交易成功                ,"2023022422001430521456432191	","4812660000482200007895039405150236	",                    
2023/2/24 08:37,交通出行                ,成都金控数据服务有限公司        ,283***@qq.com       ,天府通扫码乘车             ,支出                  ,5.4,花呗                  ,交易成功                ,"2023022422001430521456155919	","1020230224083704541849	",                    
2023/2/24 07:12,交通出行                ,成都金控数据服务有限公司        ,235***@qq.com       ,天府通扫码乘车             ,支出                  ,1.8,花呗                  ,交易成功                ,"2023022422001430521457153964	","1020230224071233178090	",                    
2023/2/24 03:45,投资理财                ,建信基金管理有限公司          ,/                   ,余额宝-2023.02.23-收益发放 ,不计收支                ,0.05,余额宝                 ,交易成功                ,"20230224357023100521	","                    	",                    
2023/2/23 19:38,交通出行                ,成都金控数据服务有限公司        ,283***@qq.com       ,天府通扫码乘车             ,支出                  ,5.4,花呗                  ,交易成功                ,"2023022322001430521455607287	","1020230223193836723118	",                    
2023/2/23 13:21,日用百货                ,怡家欣超市               ,/                   ,双流区怡家欣超市            ,支出                  ,3,余额宝                 ,交易成功                ,"2023022322001430521455872883	","142018032102423523020120230223132106005763033Y	",                    
2023/2/23 13:06,餐饮美食                ,双流舒君面馆              ,/                   ,商品支付                ,支出                  ,12,余额宝                 ,交易成功                ,"2023022322001430521454268677	","06126600004818000014572023022315778461	",                    
2023/2/23 12:58,交通出行                ,成都金控数据服务有限公司        ,283***@qq.com       ,天府通扫码乘车             ,支出                  ,5.4,花呗                  ,交易成功                ,"2023022322001430521455872874	","1020230223125818356592	",                    
2023/2/23 12:09,交通出行                ,成都金控数据服务有限公司        ,235***@qq.com       ,天府通扫码乘车             ,支出                  ,1.8,花呗                  ,交易成功                ,"2023022322001430521455672845	","1020230223120955254404	",                    
2023/2/23 03:58,投资理财                ,建信基金管理有限公司          ,/                   ,余额宝-2023.02.22-收益发放 ,不计收支                ,0.05,余额宝                 ,交易成功                ,"20230223350611364521	","                    	",                    
2023/2/22 19:43,交通出行                ,成都金控数据服务有限公司        ,283***@qq.com       ,天府通扫码乘车             ,支出                  ,5.4,花呗                  ,交易成功                ,"2023022222001430521452997553	","1020230222194311673860	",                    
2023/2/22 12:16,餐饮美食                ,隆江猪脚饭               ,135******68         ,收钱码收款               ,支出                  ,16,余额宝                 ,交易成功                ,"2023022222001430521449362221	","46770393606512070530522	",                    
2023/2/22 08:49,餐饮美食                ,煜见包子铺               ,/                   ,双流煜见包子铺             ,支出                  ,6,余额宝                 ,交易成功                ,"2023022222001430521450459361	","2912660000482200007895039484029097	",                    
2023/2/22 08:41,交通出行                ,成都金控数据服务有限公司        ,283***@qq.com       ,天府通扫码乘车             ,支出                  ,5.4,花呗                  ,交易成功                ,"2023022222001430521449550472	","1020230222084118439879	",                    
2023/2/22 07:18,交通出行                ,成都金控数据服务有限公司        ,235***@qq.com       ,天府通扫码乘车             ,支出                  ,1.8,花呗                  ,交易成功                ,"2023022222001430521449635697	","1020230222071821039204	",                    
2023/2/22 03:57,投资理财                ,建信基金管理有限公司          ,/                   ,余额宝-2023.02.21-收益发放 ,不计收支                ,0.05,余额宝                 ,交易成功                ,"20230222339655758521	","                    	",                    
2023/2/21 19:38,交通出行                ,成都金控数据服务有限公司        ,283***@qq.com       ,天府通扫码乘车             ,支出                  ,5.4,花呗                  ,交易成功                ,"2023022122001430521445488203	","1020230221193839611400	",                    
2023/2/21 12:06,日用百货                ,怡家欣超市               ,/                   ,双流区怡家欣超市            ,支出                  ,9.5,余额宝                 ,交易成功                ,"2023022122001430521445323902	","522018032102423523020120230221120604000644285Y	",                    
2023/2/21 08:50,餐饮美食                ,煜见包子铺               ,/                   ,双流煜见包子铺             ,支出                  ,3.5,余额宝                 ,交易成功                ,"2023022122001430521445246678	","3312660000482200007895039470335850	",                    
2023/2/21 08:41,交通出行                ,成都金控数据服务有限公司        ,283***@qq.com       ,天府通扫码乘车             ,支出                  ,5.4,花呗                  ,交易成功                ,"2023022122001430521446024267	","1020230221084146420923	",                    
2023/2/21 07:16,交通出行                ,成都金控数据服务有限公司        ,235***@qq.com       ,天府通扫码乘车             ,支出                  ,1.8,花呗                  ,交易成功                ,"2023022122001430521443158870	","1020230221071615010090	",                    
2023/2/21 05:37,投资理财                ,建信基金管理有限公司          ,/                   ,余额宝-2023.02.20-收益发放 ,不计收支                ,0.05,余额宝                 ,交易成功                ,"20230221327257620521	","                    	",                    
2023/2/20 19:33,交通出行                ,成都金控数据服务有限公司        ,283***@qq.com       ,天府通扫码乘车             ,支出                  ,5.4,花呗                  ,交易成功                ,"2023022022001430521442573955	","1020230220193350575822	",                    
2023/2/20 12:16,餐饮美食                ,隆江猪脚饭               ,135******68         ,收钱码收款               ,支出                  ,16,余额宝                 ,交易成功                ,"2023022022001430521442243559	","46768665827512070530522	",                    
2023/2/20 08:45,餐饮美食                ,煜见包子铺               ,/                   ,双流煜见包子铺             ,支出                  ,6,余额宝                 ,交易成功                ,"2023022022001430521438423343	","4612660000482200007895282435070661	",                    
2023/2/20 08:36,交通出行                ,成都金控数据服务有限公司        ,283***@qq.com       ,天府通扫码乘车             ,支出                  ,5.4,花呗                  ,交易成功                ,"2023022022001430521438397304	","1020230220083610301966	",                    
2023/2/20 07:13,交通出行                ,成都金控数据服务有限公司        ,235***@qq.com       ,天府通扫码乘车             ,支出                  ,1.8,花呗                  ,交易成功                ,"2023022022001430521439350489	","1020230220071303928619	",                    
2023/2/20 03:57,投资理财                ,建信基金管理有限公司          ,/                   ,余额宝-2023.02.19-收益发放 ,不计收支                ,0.05,余额宝                 ,交易成功                ,"20230220313125911521	","                    	",                    
2023/2/19 03:54,投资理财                ,建信基金管理有限公司          ,/                   ,余额宝-2023.02.18-收益发放 ,不计收支                ,0.05,余额宝                 ,交易成功                ,"20230219399342902521	","                    	",                    
2023/2/18 20:07,日用百货                ,红旗连锁                ,cwb***@hqls.com.cn  ,红旗连锁订单-267672201306234,支出                  ,5.5,余额宝                 ,交易成功                ,"2023021822001430521434942721	","267672201306234     	",                    
2023/2/18 03:28,投资理财                ,建信基金管理有限公司          ,/                   ,余额宝-2023.02.17-收益发放 ,不计收支                ,0.05,余额宝                 ,交易成功                ,"20230218385833335521	","                    	",                    
2023/2/17 19:53,交通出行                ,成都金控数据服务有限公司        ,283***@qq.com       ,天府通扫码乘车             ,支出                  ,8.1,花呗                  ,交易成功                ,"2023021722001430521432393796	","1020230217195336809539	",                    
2023/2/17 11:05,餐饮美食                ,美团                  ,zxp***@meituan.com  ,美团订单-23021711100300000027683345657651,支出                  ,18.88,余额宝                 ,交易成功                ,"2023021722001430521427518895	","20230217110537U75536623535090806	",                    
2023/2/17 08:49,餐饮美食                ,煜见包子铺               ,/                   ,双流煜见包子铺             ,支出                  ,5.5,余额宝                 ,交易成功                ,"2023021722001430521427455022	","2812660000482200007895039360325993	",                    
2023/2/17 08:40,交通出行                ,成都金控数据服务有限公司        ,283***@qq.com       ,天府通扫码乘车             ,支出                  ,8.1,花呗                  ,交易成功                ,"2023021722001430521430636084	","1020230217084029339597	",                    
2023/2/17 07:17,交通出行                ,成都金控数据服务有限公司        ,235***@qq.com       ,天府通扫码乘车             ,支出                  ,1.8,花呗                  ,交易成功                ,"2023021722001430521429694708	","1020230217071739955757	",                    
2023/2/16 19:33,交通出行                ,成都金控数据服务有限公司        ,283***@qq.com       ,天府通扫码乘车             ,支出                  ,8.1,花呗                  ,交易成功                ,"2023021622001430521428876748	","1020230216193348494977	",                    
2023/2/16 12:20,日用百货                ,怡家欣超市               ,/                   ,双流区怡家欣超市            ,支出                  ,9,余额宝                 ,交易成功                ,"2023021622001430521426858348	","012018032102423523020120230216122027008230480Y	",                    
2023/2/16 08:46,餐饮美食                ,煜见包子铺               ,/                   ,双流煜见包子铺             ,支出                  ,4,余额宝                 ,交易成功                ,"2023021622001430521426809518	","1412660000482200007895039353612901	",                    
2023/2/16 08:40,交通出行                ,成都金控数据服务有限公司        ,283***@qq.com       ,天府通扫码乘车             ,支出                  ,8.1,花呗                  ,交易成功                ,"2023021622001430521426975781	","1020230216084033253765	",                    
2023/2/16 07:16,交通出行                ,成都金控数据服务有限公司        ,235***@qq.com       ,天府通扫码乘车             ,支出                  ,1.8,花呗                  ,交易成功                ,"2023021622001430521423746538	","1020230216071612863134	",                    
2023/2/15 19:37,交通出行                ,成都金控数据服务有限公司        ,283***@qq.com       ,天府通扫码乘车             ,支出                  ,8.1,花呗                  ,交易成功                ,"2023021522001430521423252928	","1020230215193723304106	",                    
2023/2/15 19:27,投资理财                ,余额宝                 ,xia***@ccbfund.cn   ,余额宝-单次转入            ,不计收支                ,1000,中国民生银行储蓄卡(0855)     ,交易成功                ,"20230215009130100010520041373625	","LC2023021519274220885120705305220144	",                    
2023/2/15 13:23,信用借还                ,花呗                  ,/                   ,花呗自动还款-2023年02月账单   ,不计收支                ,617.07,中国民生银行储蓄卡(0855)&余额宝 ,还款成功                ,"2023021529020999520131602810	","                    	",                    
2023/2/15 11:22,餐饮美食                ,美团                  ,zxp***@meituan.com  ,美团订单-23021511100300000027438757073651,支出                  ,18.3,余额宝                 ,交易成功                ,"2023021522001430521421285690	","20230215112213U69585156546793321	",                    
2023/2/15 08:48,餐饮美食                ,煜见包子铺               ,/                   ,双流煜见包子铺             ,支出                  ,4,余额宝                 ,交易成功                ,"2023021522001430521422946912	","2012660000482200007895282371437171	",                    
2023/2/15 08:42,交通出行                ,成都金控数据服务有限公司        ,283***@qq.com       ,天府通扫码乘车             ,支出                  ,8.1,花呗                  ,交易成功                ,"2023021522001430521419711478	","1020230215084230173758	",                    
2023/2/15 07:16,交通出行                ,成都金控数据服务有限公司        ,235***@qq.com       ,天府通扫码乘车             ,支出                  ,1.8,花呗                  ,交易成功                ,"2023021522001430521421214206	","1020230215071618757577	",                    
2023/2/15 03:48,投资理财                ,建信基金管理有限公司          ,/                   ,余额宝-2023.02.14-收益发放 ,不计收支                ,0.01,余额宝                 ,交易成功                ,"20230215344727722521	","                    	",                    
2023/2/14 18:40,交通出行                ,成都金控数据服务有限公司        ,283***@qq.com       ,天府通扫码乘车             ,支出                  ,8.1,花呗                  ,交易成功                ,"2023021422001430521419564435	","1020230214184052904315	",                    
2023/2/14 11:23,餐饮美食                ,美团                  ,zxp***@meituan.com  ,美团订单-23021411100300000027312140091651,支出                  ,15.88,余额宝                 ,交易成功                ,"2023021422001430521416778589	","20230214112329U48879156552918143	",                    
2023/2/14 08:42,餐饮美食                ,煜见包子铺               ,/                   ,双流煜见包子铺             ,支出                  ,4,余额宝                 ,交易成功                ,"2023021422001430521415106259	","4812660000482200007895039332181017	",                    
2023/2/14 08:36,交通出行                ,成都金控数据服务有限公司        ,283***@qq.com       ,天府通扫码乘车             ,支出                  ,8.1,花呗                  ,交易成功                ,"2023021422001430521415848038	","1020230214083622801082	",                    
2023/2/14 07:14,交通出行                ,成都金控数据服务有限公司        ,235***@qq.com       ,天府通扫码乘车             ,支出                  ,1.8,花呗                  ,交易成功                ,"2023021422001430521414771840	","1020230214071414450426	",                    
2023/2/14 05:27,投资理财                ,建信基金管理有限公司          ,/                   ,余额宝-2023.02.13-收益发放 ,不计收支                ,0.02,余额宝                 ,交易成功                ,"20230214332092603521	","                    	",                    
2023/2/13 20:45,文化休闲                ,上海米哈游影铁科技有限公司       ,yin***@mihoyo.com   ,110231409-空月祝福      ,支出                  ,30,余额宝                 ,交易成功                ,"2023021322001430521415508239	","1625113981016875008 	",                    
2023/2/13 19:46,日用百货                ,红旗连锁                ,cwb***@hqls.com.cn  ,红旗连锁订单-267628878206234,支出                  ,8.8,余额宝                 ,交易成功                ,"2023021322001430521415101718	","267628878206234     	",                    
2023/2/13 19:34,交通出行                ,成都金控数据服务有限公司        ,283***@qq.com       ,天府通扫码乘车             ,支出                  ,8.1,花呗                  ,交易成功                ,"2023021322001430521417628140	","1020230213193405012822	",                    
2023/2/13 11:26,餐饮美食                ,美团                  ,zxp***@meituan.com  ,美团订单-23021311100300000027194688372651,支出                  ,13.5,余额宝                 ,交易成功                ,"2023021322001430521414391421	","20230213112621U32203714355859396	",                    
2023/2/13 08:52,充值缴费                ,国网成都供电公司(卡表)        ,/                   ,电费-成都****房地产开发有限公司-我家,支出                  ,100,花呗                  ,交易成功                ,"2023021300003001520057004984	","0513549023          	",                    
2023/2/13 08:44,餐饮美食                ,煜见包子铺               ,/                   ,双流煜见包子铺             ,支出                  ,5.5,余额宝                 ,交易成功                ,"2023021322001430521412018976	","5112660000482200007895282344501044	",                    
2023/2/13 08:35,交通出行                ,成都金控数据服务有限公司        ,283***@qq.com       ,天府通扫码乘车             ,支出                  ,8.1,花呗                  ,交易成功                ,"2023021322001430521412370065	","1020230213083548680348	",                    
2023/2/13 07:10,交通出行                ,成都金控数据服务有限公司        ,235***@qq.com       ,天府通扫码乘车             ,支出                  ,1.8,花呗                  ,交易成功                ,"2023021322001430521412075121	","1020230213071010326409	",                    
2023/2/13 03:51,投资理财                ,建信基金管理有限公司          ,/                   ,余额宝-2023.02.12-收益发放 ,不计收支                ,0.02,余额宝                 ,交易成功                ,"20230213317684802521	","                    	",                    
2023/2/12 11:00,交通出行                ,成都金控数据服务有限公司        ,235***@qq.com       ,天府通扫码乘车             ,支出                  ,1.8,花呗                  ,交易成功                ,"2023021222001430521409074525	","1020230212110046644145	",                    
2023/2/12 03:53,投资理财                ,建信基金管理有限公司          ,/                   ,余额宝-2023.02.11-收益发放 ,不计收支                ,0.02,余额宝                 ,交易成功                ,"20230212303864390521	","                    	",                    
2023/2/11 03:46,投资理财                ,建信基金管理有限公司          ,/                   ,余额宝-2023.02.10-收益发放 ,不计收支                ,0.02,余额宝                 ,交易成功                ,"20230211390398875521	","                    	",                    
2023/2/10 19:53,交通出行                ,成都金控数据服务有限公司        ,283***@qq.com       ,天府通扫码乘车             ,支出                  ,8.1,花呗                  ,交易成功                ,"2023021022001430521400862185	","1020230210195342618403	",                    
2023/2/10 11:34,餐饮美食                ,美团                  ,zxp***@meituan.com  ,美团订单-23021011100300000026825044099651,支出                  ,16.7,余额宝                 ,交易成功                ,"2023021022001430521401442038	","20230210113357U79731855606523270	",                    
2023/2/10 08:44,餐饮美食                ,煜见包子铺               ,/                   ,双流煜见包子铺             ,支出                  ,5.5,余额宝                 ,交易成功                ,"2023021022001430521400785557	","4312660000482200007895039583270280	",                    
2023/2/10 08:36,交通出行                ,成都金控数据服务有限公司        ,283***@qq.com       ,天府通扫码乘车             ,支出                  ,8.1,花呗                  ,交易成功                ,"2023021022001430521400904683	","1020230210083632215963	",                    
2023/2/10 07:11,交通出行                ,成都金控数据服务有限公司        ,235***@qq.com       ,天府通扫码乘车             ,支出                  ,1.8,花呗                  ,交易成功                ,"2023021022001430521401175429	","1020230210071145889903	",                    
2023/2/10 03:36,投资理财                ,建信基金管理有限公司          ,/                   ,余额宝-2023.02.09-收益发放 ,不计收支                ,0.02,余额宝                 ,交易成功                ,"20230210376766967521	","                    	",                    
2023/2/9 19:53,交通出行                ,成都金控数据服务有限公司        ,283***@qq.com       ,天府通扫码乘车             ,支出                  ,7.2,花呗                  ,交易成功                ,"2023020922001430521458478325	","1020230209195305506631	",                    
2023/2/9 13:00,餐饮美食                ,双流舒君面馆              ,/                   ,商品支付                ,支出                  ,12,余额宝                 ,交易成功                ,"2023020922001430521457007145	","50126600004818000014572023020915495245	",                    
2023/2/9 12:51,交通出行                ,成都金控数据服务有限公司        ,283***@qq.com       ,天府通扫码乘车             ,支出                  ,7.2,花呗                  ,交易成功                ,"2023020922001430521456837445	","1020230209125133089390	",                    
2023/2/9 11:22,交通出行                ,成都金控数据服务有限公司        ,235***@qq.com       ,天府通扫码乘车             ,支出                  ,1.8,花呗                  ,交易成功                ,"2023020922001430521458503140	","1020230209112237928885	",                    
2023/2/9 03:32,投资理财                ,建信基金管理有限公司          ,/                   ,余额宝-2023.02.08-收益发放 ,不计收支                ,0.02,余额宝                 ,交易成功                ,"20230209363316877521	","                    	",                    
2023/2/8 19:34,交通出行                ,成都金控数据服务有限公司        ,283***@qq.com       ,天府通扫码乘车             ,支出                  ,7.2,花呗                  ,交易成功                ,"2023020822001430521453319980	","1020230208193417462013	",                    
2023/2/8 08:39,餐饮美食                ,煜见包子铺               ,/                   ,双流煜见包子铺             ,支出                  ,4,余额宝                 ,交易成功                ,"2023020822001430521453387878	","2912660000482200007895282571903839	",                    
2023/2/8 08:31,交通出行                ,成都金控数据服务有限公司        ,283***@qq.com       ,天府通扫码乘车             ,支出                  ,7.2,花呗                  ,交易成功                ,"2023020822001430521453046455	","1020230208083131213385	",                    
2023/2/8 07:08,交通出行                ,成都金控数据服务有限公司        ,235***@qq.com       ,天府通扫码乘车             ,支出                  ,1.8,花呗                  ,交易成功                ,"2023020822001430521453604937	","1020230208070850927618	",                    
2023/2/8 03:54,投资理财                ,建信基金管理有限公司          ,/                   ,余额宝-2023.02.07-收益发放 ,不计收支                ,0.02,余额宝                 ,交易成功                ,"20230208349954849521	","                    	",                    
2023/2/7 19:38,交通出行                ,成都金控数据服务有限公司        ,283***@qq.com       ,天府通扫码乘车             ,支出                  ,7.2,花呗                  ,交易成功                ,"2023020722001430521449874840	","1020230207193821523841	",                    
2023/2/7 12:55,日用百货                ,怡家欣超市               ,/                   ,双流区怡家欣超市            ,支出                  ,3,余额宝                 ,交易成功                ,"2023020722001430521450969582	","762018032102423523020120230207125511007747390Y	",                    
2023/2/7 08:42,餐饮美食                ,煜见包子铺               ,/                   ,双流煜见包子铺             ,支出                  ,4,余额宝                 ,交易成功                ,"2023020722001430521447295760	","5412660000482200007895039538262895	",                    
2023/2/7 08:36,交通出行                ,成都金控数据服务有限公司        ,283***@qq.com       ,天府通扫码乘车             ,支出                  ,7.2,花呗                  ,交易成功                ,"2023020722001430521447287882	","1020230207083606323103	",                    
2023/2/7 07:10,交通出行                ,成都金控数据服务有限公司        ,235***@qq.com       ,天府通扫码乘车             ,支出                  ,1.8,花呗                  ,交易成功                ,"2023020722001430521449530866	","1020230207071058003085	",                    
2023/2/7 03:55,投资理财                ,建信基金管理有限公司          ,/                   ,余额宝-2023.02.06-收益发放 ,不计收支                ,0.02,余额宝                 ,交易成功                ,"20230207336805925521	","                    	",                    
2023/2/6 19:38,交通出行                ,成都金控数据服务有限公司        ,283***@qq.com       ,天府通扫码乘车             ,支出                  ,7.2,花呗                  ,交易成功                ,"2023020622001430521445808636	","1020230206193841590697	",                    
2023/2/6 12:13,餐饮美食                ,双流舒君面馆              ,/                   ,商品支付                ,支出                  ,14,余额宝                 ,交易成功                ,"2023020622001430521446053906	","37126600004818000014572023020615420241	",                    
2023/2/6 08:42,餐饮美食                ,煜见包子铺               ,/                   ,双流煜见包子铺             ,支出                  ,6,余额宝                 ,交易成功                ,"2023020622001430521445622611	","2712660000482200007895039545073809	",                    
2023/2/6 08:36,交通出行                ,成都金控数据服务有限公司        ,283***@qq.com       ,天府通扫码乘车             ,支出                  ,7.2,花呗                  ,交易成功                ,"2023020622001430521442564484	","1020230206083610413145	",                    
2023/2/6 07:11,交通出行                ,成都金控数据服务有限公司        ,235***@qq.com       ,天府通扫码乘车             ,支出                  ,1.8,花呗                  ,交易成功                ,"2023020622001430521445672316	","1020230206071145081501	",                    
2023/2/6 03:35,投资理财                ,建信基金管理有限公司          ,/                   ,余额宝-2023.02.05-收益发放 ,不计收支                ,0.02,余额宝                 ,交易成功                ,"20230206324255012521	","                    	",                    
2023/2/5 14:00,充值缴费                ,中国电信                ,zhi***@chinatelecom-ec.com.cn,为17302868894充值50.0元，谨防诈骗,支出                  ,49.99,花呗&支付宝随机立减          ,交易成功                ,"2023020522001430521439966661	","ZY2302051400062970612522	",                    
2023/2/5 03:45,投资理财                ,建信基金管理有限公司          ,/                   ,余额宝-2023.02.04-收益发放 ,不计收支                ,0.02,余额宝                 ,交易成功                ,"20230205310947236521	","                    	",                    
2023/2/4 03:52,投资理财                ,建信基金管理有限公司          ,/                   ,余额宝-2023.02.03-收益发放 ,不计收支                ,0.02,余额宝                 ,交易成功                ,"20230204397477205521	","                    	",                    
2023/2/3 19:42,餐饮美食                ,满彭菜场                ,/                   ,满彭菜场                ,支出                  ,13.33,余额宝                 ,交易成功                ,"2023020322001430521436344580	","632017092208872157440205003329000042302030017567	",                    
2023/2/3 19:38,交通出行                ,成都金控数据服务有限公司        ,283***@qq.com       ,天府通扫码乘车             ,支出                  ,8.1,花呗                  ,交易成功                ,"2023020322001430521436344579	","1020230203193827785918	",                    
2023/2/3 08:45,日用百货                ,怡家欣超市               ,/                   ,双流区怡家欣超市            ,支出                  ,5,余额宝                 ,交易成功                ,"2023020322001430521432847507	","172018032102423523020120230203084535008201023Y	",                    
2023/2/3 08:36,交通出行                ,成都金控数据服务有限公司        ,283***@qq.com       ,天府通扫码乘车             ,支出                  ,8.1,花呗                  ,交易成功                ,"2023020322001430521434838090	","1020230203083629632165	",                    
2023/2/3 07:11,交通出行                ,成都金控数据服务有限公司        ,235***@qq.com       ,天府通扫码乘车             ,支出                  ,1.8,花呗                  ,交易成功                ,"2023020322001430521432551842	","1020230203071138333086	",                    
2023/2/3 03:49,投资理财                ,建信基金管理有限公司          ,/                   ,余额宝-2023.02.02-收益发放 ,不计收支                ,0.03,余额宝                 ,交易成功                ,"20230203383573650521	","                    	",                    
2023/2/2 19:34,交通出行                ,成都金控数据服务有限公司        ,283***@qq.com       ,天府通扫码乘车             ,支出                  ,8.1,花呗                  ,交易成功                ,"2023020222001430521430969168	","1020230202193425916103	",                    
2023/2/2 15:37,数码电器                ,sc**c               ,151******91         ,STM32入门套件 配套B站视频STM32入门教程 2021新款 轻松入门,支出                  ,199,余额宝                 ,交易成功                ,"2023020222001130521431629254	","T200P1807884195250801688	",                    
2023/2/2 11:13,餐饮美食                ,美团                  ,zxp***@meituan.com  ,美团订单-23020211100300000025894598902651,支出                  ,27.29,余额宝                 ,交易成功                ,"2023020222001430521431233349	","20230202111342U37735020504011583	",                    
2023/2/2 08:39,日用百货                ,怡家欣超市               ,/                   ,双流区怡家欣超市            ,支出                  ,4,余额宝                 ,交易成功                ,"2023020222001430521431175508	","042018032102423523020120230202083937006051904Y	",                    
2023/2/2 08:32,交通出行                ,成都金控数据服务有限公司        ,283***@qq.com       ,天府通扫码乘车             ,支出                  ,8.1,花呗                  ,交易成功                ,"2023020222001430521428847522	","1020230202083214830257	",                    
2023/2/2 07:09,交通出行                ,成都金控数据服务有限公司        ,235***@qq.com       ,天府通扫码乘车             ,支出                  ,1.8,花呗                  ,交易成功                ,"2023020222001430521431412802	","1020230202070939558554	",                    
2023/2/2 03:52,投资理财                ,建信基金管理有限公司          ,/                   ,余额宝-2023.02.01-收益发放 ,不计收支                ,0.04,余额宝                 ,交易成功                ,"20230202368434870521	","                    	",                    
2023/2/1 19:33,交通出行                ,成都金控数据服务有限公司        ,283***@qq.com       ,天府通扫码乘车             ,支出                  ,8.1,花呗                  ,交易成功                ,"2023020122001430521427242637	","1020230201193345157663	",                    
2023/2/1 08:45,日用百货                ,怡家欣超市               ,/                   ,双流区怡家欣超市            ,支出                  ,7.5,余额宝                 ,交易成功                ,"2023020122001430521427599806	","582018032102423523020120230201084539003950596Y	",                    
2023/2/1 08:36,交通出行                ,成都金控数据服务有限公司        ,283***@qq.com       ,天府通扫码乘车             ,支出                  ,8.1,花呗                  ,交易成功                ,"2023020122001430521427451519	","1020230201083629094537	",                    
2023/2/1 07:10,交通出行                ,成都金控数据服务有限公司        ,235***@qq.com       ,天府通扫码乘车             ,支出                  ,1.8,花呗                  ,交易成功                ,"2023020122001430521427250784	","1020230201071025785418	",                    
2023/2/1 05:46,投资理财                ,建信基金管理有限公司          ,/                   ,余额宝-2023.01.31-收益发放 ,不计收支                ,0.04,余额宝                 ,交易成功                ,"20230201353958461521	","                    	",                    